-- NPC Prince Liam Greymane 34850(Phase 1)
REPLACE INTO `creature_template` (`entry`, `difficulty_entry_1`, `difficulty_entry_2`, `difficulty_entry_3`, `KillCredit1`, `KillCredit2`, `modelid1`, `modelid2`, `modelid3`, `modelid4`, `name`, `subname`, `IconName`, `gossip_menu_id`, `minlevel`, `maxlevel`, `exp`, `faction_A`, `faction_H`, `npcflag`, `speed_walk`, `speed_run`, `scale`, `rank`, `mindmg`, `maxdmg`, `dmgschool`, `attackpower`, `dmg_multiplier`, `baseattacktime`, `rangeattacktime`, `unit_class`, `unit_flags`, `dynamicflags`, `family`, `trainer_type`, `trainer_spell`, `trainer_class`, `trainer_race`, `minrangedmg`, `maxrangedmg`, `rangedattackpower`, `type`, `type_flags`, `lootid`, `pickpocketloot`, `skinloot`, `resistance1`, `resistance2`, `resistance3`, `resistance4`, `resistance5`, `resistance6`, `spell1`, `spell2`, `spell3`, `spell4`, `spell5`, `spell6`, `spell7`, `spell8`, `PetSpellDataId`, `VehicleId`, `mingold`, `maxgold`, `AIName`, `MovementType`, `InhabitType`, `Health_mod`, `Mana_mod`, `Armor_mod`, `RacialLeader`, `questItem1`, `questItem2`, `questItem3`, `questItem4`, `questItem5`, `questItem6`, `movementId`, `RegenHealth`, `equipment_id`, `mechanic_immune_mask`, `flags_extra`, `ScriptName`, `WDBVerified`) VALUES (34850, 0, 0, 0, 0, 0, 29463, 0, 0, 0, 'Prince Liam Greymane', '', '', 0, 5, 5, 0, 1, 1, 3, 1, 1.14286, 1, 0, 4, 5, 0, 0, 1, 2000, 0, 2, 0, 0, 0, 0, 0, 0, 0, 3, 4, 0, 7, 2048, 0, 0, 0, 0, 0, 0, 0, 0, 0, 0, 0, 0, 0, 0, 0, 0, 0, 0, 0, 0, 0, 'SmartAI', 0, 1, 1, 1, 1, 0, 0, 0, 0, 0, 0, 0, 0, 1, 34913, 0, 0, '', 1);
DELETE FROM `creature` WHERE (`id`=34850);
INSERT INTO `creature` (`guid`, `id`, `map`, `spawnMask`, `phaseMask`, `modelid`, `equipment_id`, `position_x`, `position_y`, `position_z`, `orientation`, `spawntimesecs`, `spawndist`, `currentwaypoint`, `curhealth`, `curmana`, `DeathState`, `MovementType`, `npcflag`, `unit_flags`, `dynamicflags`) VALUES (@, 34850, 638, 1, 1, 0, 34913, -1447.71, 1409.86, 35.5561, 0.0125672, 300, 0, 0, 98, 115, 0, 0, 0, 0, 0);
DELETE FROM `creature_involvedrelation` WHERE (`id`=34850);
REPLACE INTO `smart_scripts` (`entryorguid`, `source_type`, `id`, `link`, `event_type`, `event_phase_mask`, `event_chance`, `event_flags`, `event_param1`, `event_param2`, `event_param3`, `event_param4`, `action_type`, `action_param1`, `action_param2`, `action_param3`, `action_param4`, `action_param5`, `action_param6`, `target_type`, `target_param1`, `target_param2`, `target_param3`, `target_x`, `target_y`, `target_z`, `target_o`, `comment`) values ('34850','0','0','0','1','0','100','0','20000','20000','20000','20000','1','0','0','0','0','0','0','1','0','0','0','0','0','0','0','Say Text OOC');
REPLACE INTO `creature_text` (`entry`, `groupid`, `id`, `text`, `type`, `language`, `probability`, `emote`, `duration`, `sound`, `comment`) values ('34850','0','0','I want the perimeter secured and the gates manned by two guards at all times. No one gets in, no one gets out.','0','0','100','1','19000','19615','Text 1');
REPLACE INTO `creature_text` (`entry`, `groupid`, `id`, `text`, `type`, `language`, `probability`, `emote`, `duration`, `sound`, `comment`) values ('34850','0','1','We protected Gilneas from the Scourge. We protected Gilneas during the Northgate rebellion. We will protect Gilneas from whatever this new threat may be.','0','0','100','25','19000','19616','Text 2');
REPLACE INTO `creature_text` (`entry`, `groupid`, `id`, `text`, `type`, `language`, `probability`, `emote`, `duration`, `sound`, `comment`) values ('34850','0','2','Stand ready, guards! We don\'t know how many intruders we\'re dealing with, but the Headlands are overrun and we\'re cut off from the harbor towns. Expect to be outnumbered.','0','0','100','1','19000','19614','Text 3');

-- NPC Prince Liam Greymane 34913 (Phase 2+4)
REPLACE INTO `creature_template` (`entry`, `difficulty_entry_1`, `difficulty_entry_2`, `difficulty_entry_3`, `KillCredit1`, `KillCredit2`, `modelid1`, `modelid2`, `modelid3`, `modelid4`, `name`, `subname`, `IconName`, `gossip_menu_id`, `minlevel`, `maxlevel`, `exp`, `faction_A`, `faction_H`, `npcflag`, `speed_walk`, `speed_run`, `scale`, `rank`, `mindmg`, `maxdmg`, `dmgschool`, `attackpower`, `dmg_multiplier`, `baseattacktime`, `rangeattacktime`, `unit_class`, `unit_flags`, `dynamicflags`, `family`, `trainer_type`, `trainer_spell`, `trainer_class`, `trainer_race`, `minrangedmg`, `maxrangedmg`, `rangedattackpower`, `type`, `type_flags`, `lootid`, `pickpocketloot`, `skinloot`, `resistance1`, `resistance2`, `resistance3`, `resistance4`, `resistance5`, `resistance6`, `spell1`, `spell2`, `spell3`, `spell4`, `spell5`, `spell6`, `spell7`, `spell8`, `PetSpellDataId`, `VehicleId`, `mingold`, `maxgold`, `AIName`, `MovementType`, `InhabitType`, `Health_mod`, `Mana_mod`, `Armor_mod`, `RacialLeader`, `questItem1`, `questItem2`, `questItem3`, `questItem4`, `questItem5`, `questItem6`, `movementId`, `RegenHealth`, `equipment_id`, `mechanic_immune_mask`, `flags_extra`, `ScriptName`, `WDBVerified`) VALUES (34913, 0, 0, 0, 0, 0, 29463, 0, 0, 0, 'Prince Liam Greymane', '', '', 0, 5, 5, 0, 1, 1, 3, 1, 1.14286, 1, 0, 4, 5, 0, 0, 1, 2000, 0, 2, 0, 0, 0, 0, 0, 0, 0, 3, 4, 0, 7, 2048, 0, 0, 0, 0, 0, 0, 0, 0, 0, 0, 0, 0, 0, 0, 0, 0, 0, 0, 0, 0, 0, '', 0, 1, 1, 1, 1, 0, 0, 0, 0, 0, 0, 0, 0, 1, 34913, 0, 0, 'npc_prince_liam_greymane', 1);
DELETE FROM `creature` WHERE (`id`=34913);
INSERT INTO `creature` (`guid`, `id`, `map`, `spawnMask`, `phaseMask`, `modelid`, `equipment_id`, `position_x`, `position_y`, `position_z`, `orientation`, `spawntimesecs`, `spawndist`, `currentwaypoint`, `curhealth`, `curmana`, `DeathState`, `MovementType`, `npcflag`, `unit_flags`, `dynamicflags`) VALUES (@, 34913, 638, 1, 6, 0, 34913, -1437.23, 1401.34, 35.556, 3.22987, 300, 0, 0, 98, 115, 0, 0, 0, 0, 0);
REPLACE INTO `creature_template_addon` (`entry`, `path_id`, `mount`, `bytes1`, `bytes2`, `emote`, `auras`) VALUES('34913','0','2410','0','0','0',NULL); -- mounted
REPLACE INTO `creature_equip_template` (`entry`, `equipentry1`, `equipentry3`) VALUES (34913, 23505, 66439); -- rapier + gun

-- 34863 Lietenant Walden
REPLACE INTO `creature_template` (`entry`, `difficulty_entry_1`, `difficulty_entry_2`, `difficulty_entry_3`, `KillCredit1`, `KillCredit2`, `modelid1`, `modelid2`, `modelid3`, `modelid4`, `name`, `subname`, `IconName`, `gossip_menu_id`, `minlevel`, `maxlevel`, `exp`, `faction_A`, `faction_H`, `npcflag`, `speed_walk`, `speed_run`, `scale`, `rank`, `mindmg`, `maxdmg`, `dmgschool`, `attackpower`, `dmg_multiplier`, `baseattacktime`, `rangeattacktime`, `unit_class`, `unit_flags`, `dynamicflags`, `family`, `trainer_type`, `trainer_spell`, `trainer_class`, `trainer_race`, `minrangedmg`, `maxrangedmg`, `rangedattackpower`, `type`, `type_flags`, `lootid`, `pickpocketloot`, `skinloot`, `resistance1`, `resistance2`, `resistance3`, `resistance4`, `resistance5`, `resistance6`, `spell1`, `spell2`, `spell3`, `spell4`, `spell5`, `spell6`, `spell7`, `spell8`, `PetSpellDataId`, `VehicleId`, `mingold`, `maxgold`, `AIName`, `MovementType`, `InhabitType`, `Health_mod`, `Mana_mod`, `Armor_mod`, `RacialLeader`, `questItem1`, `questItem2`, `questItem3`, `questItem4`, `questItem5`, `questItem6`, `movementId`, `RegenHealth`, `equipment_id`, `mechanic_immune_mask`, `flags_extra`, `ScriptName`, `WDBVerified`) VALUES (34863, 0, 0, 0, 0, 0, 29476, 0, 0, 0, 'Lieutenant Walden', '', '', 0, 3, 3, 0, 1, 1, 3, 1, 1.14286, 1, 0, 0, 0, 0, 0, 1, 0, 0, 2, 4, 32, 0, 0, 0, 0, 0, 0, 0, 0, 7, 128, 0, 0, 0, 0, 0, 0, 0, 0, 0, 0, 0, 0, 0, 0, 0, 0, 0, 0, 0, 0, 0, '', 0, 1, 1, 1, 1, 0, 0, 0, 0, 0, 0, 0, 0, 1, 0, 0, 0, 'npc_lieutenant_walden', 1);
DELETE FROM `creature` WHERE `id` = 34863;
INSERT INTO `creature` (`guid`, `id`, `map`, `spawnMask`, `phaseMask`, `modelid`, `equipment_id`, `position_x`, `position_y`, `position_z`, `orientation`, `spawntimesecs`, `spawndist`, `currentwaypoint`, `curhealth`, `curmana`, `DeathState`, `MovementType`, `npcflag`, `unit_flags`, `dynamicflags`) VALUES (@, 34863, 638, 1, 7, 0, 0, -1405.52, 1445.8, 35.5562, 2.99158, 600, 0, 0, 69, 79, 0, 0, 0, 4, 32);

-- 39095 Slain Guard
REPLACE INTO `creature_template` (`entry`, `difficulty_entry_1`, `difficulty_entry_2`, `difficulty_entry_3`, `KillCredit1`, `KillCredit2`, `modelid1`, `modelid2`, `modelid3`, `modelid4`, `name`, `subname`, `IconName`, `gossip_menu_id`, `minlevel`, `maxlevel`, `exp`, `faction_A`, `faction_H`, `npcflag`, `speed_walk`, `speed_run`, `scale`, `rank`, `mindmg`, `maxdmg`, `dmgschool`, `attackpower`, `dmg_multiplier`, `baseattacktime`, `rangeattacktime`, `unit_class`, `unit_flags`, `dynamicflags`, `family`, `trainer_type`, `trainer_spell`, `trainer_class`, `trainer_race`, `minrangedmg`, `maxrangedmg`, `rangedattackpower`, `type`, `type_flags`, `lootid`, `pickpocketloot`, `skinloot`, `resistance1`, `resistance2`, `resistance3`, `resistance4`, `resistance5`, `resistance6`, `spell1`, `spell2`, `spell3`, `spell4`, `spell5`, `spell6`, `spell7`, `spell8`, `PetSpellDataId`, `VehicleId`, `mingold`, `maxgold`, `AIName`, `MovementType`, `InhabitType`, `Health_mod`, `Mana_mod`, `Armor_mod`, `RacialLeader`, `questItem1`, `questItem2`, `questItem3`, `questItem4`, `questItem5`, `questItem6`, `movementId`, `RegenHealth`, `equipment_id`, `mechanic_immune_mask`, `flags_extra`, `ScriptName`, `WDBVerified`) VALUES (39095, 0, 0, 0, 0, 0, 29466, 29467, 0, 0, 'Slain Guard', '', '', 0, 3, 3, 0, 1, 1, 0, 1, 1.14286, 1, 0, 0, 0, 0, 0, 1, 0, 0, 2, 4, 32, 0, 0, 0, 0, 0, 0, 0, 0, 7, 0, 0, 0, 0, 0, 0, 0, 0, 0, 0, 0, 0, 0, 0, 0, 0, 0, 0, 0, 0, 0, 0, '', 0, 1, 1, 1, 1, 0, 0, 0, 0, 0, 0, 0, 0, 1, 0, 0, 0, '', 1);
DELETE FROM `creature` WHERE `id` = 39095;
INSERT INTO `creature` (`guid`, `id`, `map`, `spawnMask`, `phaseMask`, `modelid`, `equipment_id`, `position_x`, `position_y`, `position_z`, `orientation`, `spawntimesecs`, `spawndist`, `currentwaypoint`, `curhealth`, `curmana`, `DeathState`, `MovementType`, `npcflag`, `unit_flags`, `dynamicflags`) VALUES (@, 39095, 638, 1, 7, 0, 0, -1403.51, 1440.61, 35.5562, 3.25941, 600, 0, 0, 69, 79, 0, 0, 0, 4, 32);
INSERT INTO `creature` (`guid`, `id`, `map`, `spawnMask`, `phaseMask`, `modelid`, `equipment_id`, `position_x`, `position_y`, `position_z`, `orientation`, `spawntimesecs`, `spawndist`, `currentwaypoint`, `curhealth`, `curmana`, `DeathState`, `MovementType`, `npcflag`, `unit_flags`, `dynamicflags`) VALUES (@, 39095, 638, 1, 7, 0, 0, -1400.37, 1446.6, 35.5563, 0.812893, 600, 0, 0, 69, 79, 0, 0, 0, 4, 32);
REPLACE INTO `creature_equip_template` (`entry`, `equipentry1`, `equipentry2`) VALUES (34916, 25143, 54990);

-- 34864 Gilneas City Guard in phase 1
REPLACE INTO `creature_template` (`entry`, `difficulty_entry_1`, `difficulty_entry_2`, `difficulty_entry_3`, `KillCredit1`, `KillCredit2`, `modelid1`, `modelid2`, `modelid3`, `modelid4`, `name`, `subname`, `IconName`, `gossip_menu_id`, `minlevel`, `maxlevel`, `exp`, `faction_A`, `faction_H`, `npcflag`, `speed_walk`, `speed_run`, `scale`, `rank`, `mindmg`, `maxdmg`, `dmgschool`, `attackpower`, `dmg_multiplier`, `baseattacktime`, `rangeattacktime`, `unit_class`, `unit_flags`, `dynamicflags`, `family`, `trainer_type`, `trainer_spell`, `trainer_class`, `trainer_race`, `minrangedmg`, `maxrangedmg`, `rangedattackpower`, `type`, `type_flags`, `lootid`, `pickpocketloot`, `skinloot`, `resistance1`, `resistance2`, `resistance3`, `resistance4`, `resistance5`, `resistance6`, `spell1`, `spell2`, `spell3`, `spell4`, `spell5`, `spell6`, `spell7`, `spell8`, `PetSpellDataId`, `VehicleId`, `mingold`, `maxgold`, `AIName`, `MovementType`, `InhabitType`, `Health_mod`, `Mana_mod`, `Armor_mod`, `RacialLeader`, `questItem1`, `questItem2`, `questItem3`, `questItem4`, `questItem5`, `questItem6`, `movementId`, `RegenHealth`, `equipment_id`, `mechanic_immune_mask`, `flags_extra`, `ScriptName`, `WDBVerified`) VALUES (34864, 0, 0, 0, 0, 0, 29466, 29467, 0, 0, 'Gilneas City Guard', '', '', 0, 3, 3, 0, 1, 1, 0, 1, 1.14286, 1, 0, 6, 8, 0, 0, 1, 2000, 0, 2, 0, 0, 0, 0, 0, 0, 0, 0, 0, 0, 7, 0, 0, 0, 0, 0, 0, 0, 0, 0, 0, 0, 0, 0, 0, 0, 0, 0, 0, 0, 0, 0, 0, '', 0, 1, 1, 1, 1, 0, 0, 0, 0, 0, 0, 0, 0, 1, 34916, 0, 0, '', 1);
DELETE FROM creature WHERE id in (34864);
INSERT INTO `creature` (`guid`, `id`, `map`, `spawnMask`, `phaseMask`, `modelid`, `equipment_id`, `position_x`, `position_y`, `position_z`, `orientation`, `spawntimesecs`, `spawndist`, `currentwaypoint`, `curhealth`, `curmana`, `DeathState`, `MovementType`, `npcflag`, `unit_flags`, `dynamicflags`) VALUES (@, 34864, 638, 1, 1, 0, 34916, -1459.31, 1400.08, 35.556, 3.79426, 300, 0, 0, 69, 79, 0, 0, 0, 0, 0);
INSERT INTO `creature` (`guid`, `id`, `map`, `spawnMask`, `phaseMask`, `modelid`, `equipment_id`, `position_x`, `position_y`, `position_z`, `orientation`, `spawntimesecs`, `spawndist`, `currentwaypoint`, `curhealth`, `curmana`, `DeathState`, `MovementType`, `npcflag`, `unit_flags`, `dynamicflags`) VALUES (@, 34864, 638, 1, 1, 0, 34916, -1431.72, 1349.03, 35.5545, 1.94936, 300, 0, 0, 69, 79, 0, 0, 0, 0, 0);
INSERT INTO `creature` (`guid`, `id`, `map`, `spawnMask`, `phaseMask`, `modelid`, `equipment_id`, `position_x`, `position_y`, `position_z`, `orientation`, `spawntimesecs`, `spawndist`, `currentwaypoint`, `curhealth`, `curmana`, `DeathState`, `MovementType`, `npcflag`, `unit_flags`, `dynamicflags`) VALUES (@, 34864, 638, 1, 1, 0, 34916, -1441.17, 1418.94, 35.5561, 3.0442, 300, 0, 0, 69, 79, 0, 0, 0, 0, 0);
INSERT INTO `creature` (`guid`, `id`, `map`, `spawnMask`, `phaseMask`, `modelid`, `equipment_id`, `position_x`, `position_y`, `position_z`, `orientation`, `spawntimesecs`, `spawndist`, `currentwaypoint`, `curhealth`, `curmana`, `DeathState`, `MovementType`, `npcflag`, `unit_flags`, `dynamicflags`) VALUES (@, 34864, 638, 1, 1, 0, 34916, -1441.17, 1415.11, 35.5561, 3.0442, 300, 0, 0, 69, 79, 0, 0, 0, 0, 0);
INSERT INTO `creature` (`guid`, `id`, `map`, `spawnMask`, `phaseMask`, `modelid`, `equipment_id`, `position_x`, `position_y`, `position_z`, `orientation`, `spawntimesecs`, `spawndist`, `currentwaypoint`, `curhealth`, `curmana`, `DeathState`, `MovementType`, `npcflag`, `unit_flags`, `dynamicflags`) VALUES (@, 34864, 638, 1, 1, 0, 34916, -1441.17, 1404.17, 35.5561, 3.0442, 300, 0, 0, 69, 79, 0, 0, 0, 0, 0);
INSERT INTO `creature` (`guid`, `id`, `map`, `spawnMask`, `phaseMask`, `modelid`, `equipment_id`, `position_x`, `position_y`, `position_z`, `orientation`, `spawntimesecs`, `spawndist`, `currentwaypoint`, `curhealth`, `curmana`, `DeathState`, `MovementType`, `npcflag`, `unit_flags`, `dynamicflags`) VALUES (@, 34864, 638, 1, 1, 0, 34916, -1441.17, 1400.05, 35.5561, 3.0874, 300, 0, 0, 69, 79, 0, 0, 0, 0, 0);
INSERT INTO `creature` (`guid`, `id`, `map`, `spawnMask`, `phaseMask`, `modelid`, `equipment_id`, `position_x`, `position_y`, `position_z`, `orientation`, `spawntimesecs`, `spawndist`, `currentwaypoint`, `curhealth`, `curmana`, `DeathState`, `MovementType`, `npcflag`, `unit_flags`, `dynamicflags`) VALUES (@, 34864, 638, 1, 1, 0, 34916, -1441.17, 1412.21, 35.5561, 3.0874, 300, 0, 0, 69, 79, 0, 0, 0, 0, 0);
INSERT INTO `creature` (`guid`, `id`, `map`, `spawnMask`, `phaseMask`, `modelid`, `equipment_id`, `position_x`, `position_y`, `position_z`, `orientation`, `spawntimesecs`, `spawndist`, `currentwaypoint`, `curhealth`, `curmana`, `DeathState`, `MovementType`, `npcflag`, `unit_flags`, `dynamicflags`) VALUES (@, 34864, 638, 1, 1, 0, 34916, -1441.17, 1407.62, 35.5564, 3.12932, 300, 0, 0, 69, 79, 0, 0, 0, 0, 0);
INSERT INTO `creature` (`guid`, `id`, `map`, `spawnMask`, `phaseMask`, `modelid`, `equipment_id`, `position_x`, `position_y`, `position_z`, `orientation`, `spawntimesecs`, `spawndist`, `currentwaypoint`, `curhealth`, `curmana`, `DeathState`, `MovementType`, `npcflag`, `unit_flags`, `dynamicflags`) VALUES (@, 34864, 638, 1, 1, 0, 34916, -1444.09, 1418.94, 35.5564, 3.11047, 300, 0, 0, 69, 79, 0, 0, 0, 0, 0);
INSERT INTO `creature` (`guid`, `id`, `map`, `spawnMask`, `phaseMask`, `modelid`, `equipment_id`, `position_x`, `position_y`, `position_z`, `orientation`, `spawntimesecs`, `spawndist`, `currentwaypoint`, `curhealth`, `curmana`, `DeathState`, `MovementType`, `npcflag`, `unit_flags`, `dynamicflags`) VALUES (@, 34864, 638, 1, 1, 0, 34916, -1444.09, 1415.11, 35.5564, 3.11047, 300, 0, 0, 69, 79, 0, 0, 0, 0, 0);
INSERT INTO `creature` (`guid`, `id`, `map`, `spawnMask`, `phaseMask`, `modelid`, `equipment_id`, `position_x`, `position_y`, `position_z`, `orientation`, `spawntimesecs`, `spawndist`, `currentwaypoint`, `curhealth`, `curmana`, `DeathState`, `MovementType`, `npcflag`, `unit_flags`, `dynamicflags`) VALUES (@, 34864, 638, 1, 1, 0, 34916, -1444.09, 1404.17, 35.5564, 3.05526, 300, 0, 0, 69, 79, 0, 0, 0, 0, 0);
INSERT INTO `creature` (`guid`, `id`, `map`, `spawnMask`, `phaseMask`, `modelid`, `equipment_id`, `position_x`, `position_y`, `position_z`, `orientation`, `spawntimesecs`, `spawndist`, `currentwaypoint`, `curhealth`, `curmana`, `DeathState`, `MovementType`, `npcflag`, `unit_flags`, `dynamicflags`) VALUES (@, 34864, 638, 1, 1, 0, 34916, -1444.09, 1400.05, 35.5564, 3.11102, 300, 0, 0, 69, 79, 0, 0, 0, 0, 0);
INSERT INTO `creature` (`guid`, `id`, `map`, `spawnMask`, `phaseMask`, `modelid`, `equipment_id`, `position_x`, `position_y`, `position_z`, `orientation`, `spawntimesecs`, `spawndist`, `currentwaypoint`, `curhealth`, `curmana`, `DeathState`, `MovementType`, `npcflag`, `unit_flags`, `dynamicflags`) VALUES (@, 34864, 638, 1, 1, 0, 34916, -1444.09, 1412.21, 35.5561, 3.11888, 300, 0, 0, 69, 79, 0, 0, 0, 0, 0);
INSERT INTO `creature` (`guid`, `id`, `map`, `spawnMask`, `phaseMask`, `modelid`, `equipment_id`, `position_x`, `position_y`, `position_z`, `orientation`, `spawntimesecs`, `spawndist`, `currentwaypoint`, `curhealth`, `curmana`, `DeathState`, `MovementType`, `npcflag`, `unit_flags`, `dynamicflags`) VALUES (@, 34864, 638, 1, 1, 0, 34916, -1444.09, 1407.62, 35.5561, 3.13066, 300, 0, 0, 69, 79, 0, 0, 0, 0, 0);

-- 34916 Gilneas City Guard in phase (1+)2+4
REPLACE INTO `creature_template` (`entry`, `difficulty_entry_1`, `difficulty_entry_2`, `difficulty_entry_3`, `KillCredit1`, `KillCredit2`, `modelid1`, `modelid2`, `modelid3`, `modelid4`, `name`, `subname`, `IconName`, `gossip_menu_id`, `minlevel`, `maxlevel`, `exp`, `faction_A`, `faction_H`, `npcflag`, `speed_walk`, `speed_run`, `scale`, `rank`, `mindmg`, `maxdmg`, `dmgschool`, `attackpower`, `dmg_multiplier`, `baseattacktime`, `rangeattacktime`, `unit_class`, `unit_flags`, `dynamicflags`, `family`, `trainer_type`, `trainer_spell`, `trainer_class`, `trainer_race`, `minrangedmg`, `maxrangedmg`, `rangedattackpower`, `type`, `type_flags`, `lootid`, `pickpocketloot`, `skinloot`, `resistance1`, `resistance2`, `resistance3`, `resistance4`, `resistance5`, `resistance6`, `spell1`, `spell2`, `spell3`, `spell4`, `spell5`, `spell6`, `spell7`, `spell8`, `PetSpellDataId`, `VehicleId`, `mingold`, `maxgold`, `AIName`, `MovementType`, `InhabitType`, `Health_mod`, `Mana_mod`, `Armor_mod`, `RacialLeader`, `questItem1`, `questItem2`, `questItem3`, `questItem4`, `questItem5`, `questItem6`, `movementId`, `RegenHealth`, `equipment_id`, `mechanic_immune_mask`, `flags_extra`, `ScriptName`, `WDBVerified`) VALUES (34916, 0, 0, 0, 0, 0, 29466, 29467, 0, 0, 'Gilneas City Guard', '', '', 0, 1, 1, 0, 1, 1, 0, 1, 1.14286, 1, 0, 4, 5, 0, 0, 1, 2000, 0, 1, 0, 0, 0, 0, 0, 0, 0, 0, 0, 0, 7, 0, 0, 0, 0, 0, 0, 0, 0, 0, 0, 0, 0, 0, 0, 0, 0, 0, 0, 0, 0, 0, 0, '', 0, 1, 1, 1, 1, 0, 0, 0, 0, 0, 0, 0, 0, 1, 34916, 0, 0, 'npc_gilneas_city_guard', 1);
DELETE FROM creature WHERE id in (34916);
INSERT INTO `creature` (`guid`, `id`, `map`, `spawnMask`, `phaseMask`, `modelid`, `equipment_id`, `position_x`, `position_y`, `position_z`, `orientation`, `spawntimesecs`, `spawndist`, `currentwaypoint`, `curhealth`, `curmana`, `DeathState`, `MovementType`, `npcflag`, `unit_flags`, `dynamicflags`) VALUES (@, 34916, 638, 1, 6, 0, 34916, -1495.28, 1349.98, 35.5572, 3.23889, 300, 5, 0, 84000, 0, 0, 1, 0, 0, 0);
INSERT INTO `creature` (`guid`, `id`, `map`, `spawnMask`, `phaseMask`, `modelid`, `equipment_id`, `position_x`, `position_y`, `position_z`, `orientation`, `spawntimesecs`, `spawndist`, `currentwaypoint`, `curhealth`, `curmana`, `DeathState`, `MovementType`, `npcflag`, `unit_flags`, `dynamicflags`) VALUES (@, 34916, 638, 1, 6, 0, 34916, -1512.39, 1342.46, 35.5562, 0.664352, 300, 5, 0, 84000, 0, 0, 1, 0, 0, 0);
INSERT INTO `creature` (`guid`, `id`, `map`, `spawnMask`, `phaseMask`, `modelid`, `equipment_id`, `position_x`, `position_y`, `position_z`, `orientation`, `spawntimesecs`, `spawndist`, `currentwaypoint`, `curhealth`, `curmana`, `DeathState`, `MovementType`, `npcflag`, `unit_flags`, `dynamicflags`) VALUES (@, 34916, 638, 1, 6, 0, 34916, -1528.73, 1329.09, 35.5562, 1.96026, 300, 5, 0, 84000, 0, 0, 1, 0, 0, 0);
INSERT INTO `creature` (`guid`, `id`, `map`, `spawnMask`, `phaseMask`, `modelid`, `equipment_id`, `position_x`, `position_y`, `position_z`, `orientation`, `spawntimesecs`, `spawndist`, `currentwaypoint`, `curhealth`, `curmana`, `DeathState`, `MovementType`, `npcflag`, `unit_flags`, `dynamicflags`) VALUES (@, 34916, 638, 1, 6, 0, 34916, -1552.29, 1338.98, 35.5562, 1.34058, 300, 5, 0, 84000, 0, 0, 1, 0, 0, 0);
INSERT INTO `creature` (`guid`, `id`, `map`, `spawnMask`, `phaseMask`, `modelid`, `equipment_id`, `position_x`, `position_y`, `position_z`, `orientation`, `spawntimesecs`, `spawndist`, `currentwaypoint`, `curhealth`, `curmana`, `DeathState`, `MovementType`, `npcflag`, `unit_flags`, `dynamicflags`) VALUES (@, 34916, 638, 1, 6, 0, 34916, -1403.71, 1379.57, 35.5568, 2.26117, 300, 5, 0, 84000, 0, 0, 1, 0, 0, 0);
INSERT INTO `creature` (`guid`, `id`, `map`, `spawnMask`, `phaseMask`, `modelid`, `equipment_id`, `position_x`, `position_y`, `position_z`, `orientation`, `spawntimesecs`, `spawndist`, `currentwaypoint`, `curhealth`, `curmana`, `DeathState`, `MovementType`, `npcflag`, `unit_flags`, `dynamicflags`) VALUES (@, 34916, 638, 1, 6, 0, 34916, -1487.81, 1404.46, 35.5561, 4.29589, 300, 5, 0, 84000, 0, 0, 1, 0, 0, 0);
INSERT INTO `creature` (`guid`, `id`, `map`, `spawnMask`, `phaseMask`, `modelid`, `equipment_id`, `position_x`, `position_y`, `position_z`, `orientation`, `spawntimesecs`, `spawndist`, `currentwaypoint`, `curhealth`, `curmana`, `DeathState`, `MovementType`, `npcflag`, `unit_flags`, `dynamicflags`) VALUES (@, 34916, 638, 1, 6, 0, 34916, -1456.52, 1391.31, 35.5564, 3.13433, 300, 5, 0, 84000, 0, 0, 1, 0, 0, 0);
INSERT INTO `creature` (`guid`, `id`, `map`, `spawnMask`, `phaseMask`, `modelid`, `equipment_id`, `position_x`, `position_y`, `position_z`, `orientation`, `spawntimesecs`, `spawndist`, `currentwaypoint`, `curhealth`, `curmana`, `DeathState`, `MovementType`, `npcflag`, `unit_flags`, `dynamicflags`) VALUES (@, 34916, 638, 1, 6, 0, 34916, -1447.38, 1361.1, 35.5568, 1.75433, 300, 5, 0, 84000, 0, 0, 1, 0, 0, 0);
INSERT INTO `creature` (`guid`, `id`, `map`, `spawnMask`, `phaseMask`, `modelid`, `equipment_id`, `position_x`, `position_y`, `position_z`, `orientation`, `spawntimesecs`, `spawndist`, `currentwaypoint`, `curhealth`, `curmana`, `DeathState`, `MovementType`, `npcflag`, `unit_flags`, `dynamicflags`) VALUES (@, 34916, 638, 1, 6, 0, 34916, -1417.16, 1366.91, 35.5568, 1.9821, 300, 5, 0, 84000, 0, 0, 1, 0, 0, 0);
INSERT INTO `creature` (`guid`, `id`, `map`, `spawnMask`, `phaseMask`, `modelid`, `equipment_id`, `position_x`, `position_y`, `position_z`, `orientation`, `spawntimesecs`, `spawndist`, `currentwaypoint`, `curhealth`, `curmana`, `DeathState`, `MovementType`, `npcflag`, `unit_flags`, `dynamicflags`) VALUES (@, 34916, 638, 1, 6, 0, 34916, -1555.94, 1407.04, 35.5562, 0.0721774, 300, 5, 0, 84000, 0, 0, 1, 0, 0, 0);
INSERT INTO `creature` (`guid`, `id`, `map`, `spawnMask`, `phaseMask`, `modelid`, `equipment_id`, `position_x`, `position_y`, `position_z`, `orientation`, `spawntimesecs`, `spawndist`, `currentwaypoint`, `curhealth`, `curmana`, `DeathState`, `MovementType`, `npcflag`, `unit_flags`, `dynamicflags`) VALUES (@, 34916, 638, 1, 6, 0, 34916, -1541.35, 1404.07, 35.5562, 2.3148, 300, 5, 0, 84000, 0, 0, 1, 0, 0, 0);
INSERT INTO `creature` (`guid`, `id`, `map`, `spawnMask`, `phaseMask`, `modelid`, `equipment_id`, `position_x`, `position_y`, `position_z`, `orientation`, `spawntimesecs`, `spawndist`, `currentwaypoint`, `curhealth`, `curmana`, `DeathState`, `MovementType`, `npcflag`, `unit_flags`, `dynamicflags`) VALUES (@, 34916, 638, 1, 6, 0, 34916, -1526.96, 1388.05, 35.5562, 0.231602, 300, 5, 0, 84000, 0, 0, 1, 0, 0, 0);
INSERT INTO `creature` (`guid`, `id`, `map`, `spawnMask`, `phaseMask`, `modelid`, `equipment_id`, `position_x`, `position_y`, `position_z`, `orientation`, `spawntimesecs`, `spawndist`, `currentwaypoint`, `curhealth`, `curmana`, `DeathState`, `MovementType`, `npcflag`, `unit_flags`, `dynamicflags`) VALUES (@, 34916, 638, 1, 6, 0, 34916, -1511.85, 1398.82, 35.5561, 0.049396, 300, 5, 0, 84000, 0, 0, 1, 0, 0, 0);
INSERT INTO `creature` (`guid`, `id`, `map`, `spawnMask`, `phaseMask`, `modelid`, `equipment_id`, `position_x`, `position_y`, `position_z`, `orientation`, `spawntimesecs`, `spawndist`, `currentwaypoint`, `curhealth`, `curmana`, `DeathState`, `MovementType`, `npcflag`, `unit_flags`, `dynamicflags`) VALUES (@, 34916, 638, 1, 6, 0, 34916, -1506.98, 1401.15, 35.5561, 2.34198, 300, 5, 0, 84000, 0, 0, 1, 0, 0, 0);
INSERT INTO `creature` (`guid`, `id`, `map`, `spawnMask`, `phaseMask`, `modelid`, `equipment_id`, `position_x`, `position_y`, `position_z`, `orientation`, `spawntimesecs`, `spawndist`, `currentwaypoint`, `curhealth`, `curmana`, `DeathState`, `MovementType`, `npcflag`, `unit_flags`, `dynamicflags`) VALUES (@, 34916, 638, 1, 6, 0, 34916, -1499.42, 1380.68, 35.5561, 1.62365, 300, 5, 0, 84000, 0, 0, 1, 0, 0, 0);
INSERT INTO `creature` (`guid`, `id`, `map`, `spawnMask`, `phaseMask`, `modelid`, `equipment_id`, `position_x`, `position_y`, `position_z`, `orientation`, `spawntimesecs`, `spawndist`, `currentwaypoint`, `curhealth`, `curmana`, `DeathState`, `MovementType`, `npcflag`, `unit_flags`, `dynamicflags`) VALUES (@, 34916, 638, 1, 6, 0, 34916, -1557.11, 1386.33, 35.6834, 1.57735, 300, 5, 0, 84000, 0, 0, 1, 0, 0, 0);
INSERT INTO `creature` (`guid`, `id`, `map`, `spawnMask`, `phaseMask`, `modelid`, `equipment_id`, `position_x`, `position_y`, `position_z`, `orientation`, `spawntimesecs`, `spawndist`, `currentwaypoint`, `curhealth`, `curmana`, `DeathState`, `MovementType`, `npcflag`, `unit_flags`, `dynamicflags`) VALUES (@, 34916, 638, 1, 6, 0, 34916, -1548.53, 1421.76, 35.5562, 4.63955, 300, 5, 0, 84000, 0, 0, 1, 0, 0, 0);
INSERT INTO `creature` (`guid`, `id`, `map`, `spawnMask`, `phaseMask`, `modelid`, `equipment_id`, `position_x`, `position_y`, `position_z`, `orientation`, `spawntimesecs`, `spawndist`, `currentwaypoint`, `curhealth`, `curmana`, `DeathState`, `MovementType`, `npcflag`, `unit_flags`, `dynamicflags`) VALUES (@, 34916, 638, 1, 6, 0, 34916, -1535.63, 1436.08, 35.7435, 6.24994, 300, 5, 0, 84000, 0, 0, 1, 0, 0, 0);
INSERT INTO `creature` (`guid`, `id`, `map`, `spawnMask`, `phaseMask`, `modelid`, `equipment_id`, `position_x`, `position_y`, `position_z`, `orientation`, `spawntimesecs`, `spawndist`, `currentwaypoint`, `curhealth`, `curmana`, `DeathState`, `MovementType`, `npcflag`, `unit_flags`, `dynamicflags`) VALUES (@, 34916, 638, 1, 6, 0, 34916, -1461.53, 1430.1, 35.5563, 3.13584, 300, 5, 0, 84000, 0, 0, 1, 0, 0, 0);
INSERT INTO `creature` (`guid`, `id`, `map`, `spawnMask`, `phaseMask`, `modelid`, `equipment_id`, `position_x`, `position_y`, `position_z`, `orientation`, `spawntimesecs`, `spawndist`, `currentwaypoint`, `curhealth`, `curmana`, `DeathState`, `MovementType`, `npcflag`, `unit_flags`, `dynamicflags`) VALUES (@, 34916, 638, 1, 6, 0, 34916, -1436.13, 1394.69, 35.5564, 4.33383, 300, 5, 0, 84000, 0, 0, 1, 0, 0, 0);
INSERT INTO `creature` (`guid`, `id`, `map`, `spawnMask`, `phaseMask`, `modelid`, `equipment_id`, `position_x`, `position_y`, `position_z`, `orientation`, `spawntimesecs`, `spawndist`, `currentwaypoint`, `curhealth`, `curmana`, `DeathState`, `MovementType`, `npcflag`, `unit_flags`, `dynamicflags`) VALUES (@, 34916, 638, 1, 6, 0, 34916, -1440.47, 1420.69, 35.5564, 3.14412, 300, 5, 0, 84000, 0, 0, 1, 0, 0, 0);
INSERT INTO `creature` (`guid`, `id`, `map`, `spawnMask`, `phaseMask`, `modelid`, `equipment_id`, `position_x`, `position_y`, `position_z`, `orientation`, `spawntimesecs`, `spawndist`, `currentwaypoint`, `curhealth`, `curmana`, `DeathState`, `MovementType`, `npcflag`, `unit_flags`, `dynamicflags`) VALUES (@, 34916, 638, 1, 1, 29466, 34916, -1527.05, 1419.62, 35.5559, 2.4208, 5000, 5, 0, 84000, 0, 0, 1, 0, 0, 0);
INSERT INTO `creature` (`guid`, `id`, `map`, `spawnMask`, `phaseMask`, `modelid`, `equipment_id`, `position_x`, `position_y`, `position_z`, `orientation`, `spawntimesecs`, `spawndist`, `currentwaypoint`, `curhealth`, `curmana`, `DeathState`, `MovementType`, `npcflag`, `unit_flags`, `dynamicflags`) VALUES (@, 34916, 638, 1, 1, 29466, 34916, -1459.29, 1420.38, 35.556, 2.60988, 5000, 5, 0, 84000, 0, 0, 1, 0, 0, 0);
INSERT INTO `creature` (`guid`, `id`, `map`, `spawnMask`, `phaseMask`, `modelid`, `equipment_id`, `position_x`, `position_y`, `position_z`, `orientation`, `spawntimesecs`, `spawndist`, `currentwaypoint`, `curhealth`, `curmana`, `DeathState`, `MovementType`, `npcflag`, `unit_flags`, `dynamicflags`) VALUES (@, 34916, 638, 1, 1, 29467, 34916, -1536.85, 1399.85, 35.5562, 5.68079, 5000, 5, 0, 84000, 0, 0, 1, 0, 0, 0);
INSERT INTO `creature` (`guid`, `id`, `map`, `spawnMask`, `phaseMask`, `modelid`, `equipment_id`, `position_x`, `position_y`, `position_z`, `orientation`, `spawntimesecs`, `spawndist`, `currentwaypoint`, `curhealth`, `curmana`, `DeathState`, `MovementType`, `npcflag`, `unit_flags`, `dynamicflags`) VALUES (@, 34916, 638, 1, 1, 29467, 34916, -1505.67, 1399.53, 35.5563, 5.38234, 5000, 5, 0, 84000, 0, 0, 1, 0, 0, 0);
INSERT INTO `creature` (`guid`, `id`, `map`, `spawnMask`, `phaseMask`, `modelid`, `equipment_id`, `position_x`, `position_y`, `position_z`, `orientation`, `spawntimesecs`, `spawndist`, `currentwaypoint`, `curhealth`, `curmana`, `DeathState`, `MovementType`, `npcflag`, `unit_flags`, `dynamicflags`) VALUES (@, 34916, 638, 1, 1, 29466, 34916, -1440.89, 1354.19, 35.556, 1.33675, 5000, 5, 0, 84000, 0, 0, 1, 0, 0, 0);
INSERT INTO `creature` (`guid`, `id`, `map`, `spawnMask`, `phaseMask`, `modelid`, `equipment_id`, `position_x`, `position_y`, `position_z`, `orientation`, `spawntimesecs`, `spawndist`, `currentwaypoint`, `curhealth`, `curmana`, `DeathState`, `MovementType`, `npcflag`, `unit_flags`, `dynamicflags`) VALUES (@, 34916, 638, 1, 1, 29467, 34916, -1489.21, 1399.97, 35.5562, 3.56414, 5000, 5, 0, 84000, 0, 0, 1, 0, 0, 0);

-- 34884 Rampaging Worgen in phases 2+4
REPLACE INTO `creature_template` (`entry`, `difficulty_entry_1`, `difficulty_entry_2`, `difficulty_entry_3`, `KillCredit1`, `KillCredit2`, `modelid1`, `modelid2`, `modelid3`, `modelid4`, `name`, `subname`, `IconName`, `gossip_menu_id`, `minlevel`, `maxlevel`, `exp`, `faction_A`, `faction_H`, `npcflag`, `speed_walk`, `speed_run`, `scale`, `rank`, `mindmg`, `maxdmg`, `dmgschool`, `attackpower`, `dmg_multiplier`, `baseattacktime`, `rangeattacktime`, `unit_class`, `unit_flags`, `dynamicflags`, `family`, `trainer_type`, `trainer_spell`, `trainer_class`, `trainer_race`, `minrangedmg`, `maxrangedmg`, `rangedattackpower`, `type`, `type_flags`, `lootid`, `pickpocketloot`, `skinloot`, `resistance1`, `resistance2`, `resistance3`, `resistance4`, `resistance5`, `resistance6`, `spell1`, `spell2`, `spell3`, `spell4`, `spell5`, `spell6`, `spell7`, `spell8`, `PetSpellDataId`, `VehicleId`, `mingold`, `maxgold`, `AIName`, `MovementType`, `InhabitType`, `Health_mod`, `Mana_mod`, `Armor_mod`, `RacialLeader`, `questItem1`, `questItem2`, `questItem3`, `questItem4`, `questItem5`, `questItem6`, `movementId`, `RegenHealth`, `equipment_id`, `mechanic_immune_mask`, `flags_extra`, `ScriptName`, `WDBVerified`) VALUES (34884, 0, 0, 0, 35660, 0, 36770, 36771, 0, 0, 'Rampaging Worgen', '', '', 0, 1, 2, 0, 32, 32, 0, 1, 1.14286, 1, 0, 4, 5, 0, 0, 1, 2000, 0, 1, 0, 0, 0, 0, 0, 0, 0, 0, 0, 0, 7, 0, 34884, 0, 0, 0, 0, 0, 0, 0, 0, 0, 0, 0, 0, 0, 0, 0, 0, 0, 0, 1, 3, '', 1, 1, 1, 1, 1, 0, 0, 0, 0, 0, 0, 0, 0, 1, 0, 0, 0, 'npc_rampaging_worgen', 1);
DELETE FROM creature WHERE id = 34884;
INSERT INTO `creature` (`guid`, `id`, `map`, `spawnMask`, `phaseMask`, `modelid`, `equipment_id`, `position_x`, `position_y`, `position_z`, `orientation`, `spawntimesecs`, `spawndist`, `currentwaypoint`, `curhealth`, `curmana`, `DeathState`, `MovementType`, `npcflag`, `unit_flags`, `dynamicflags`) VALUES (@, 34884, 638, 1, 6, 0, 0, -1437.58, 1397.96, 35.5564, 1.59687, 300, 5, 0, 42, 0, 0, 1, 0, 0, 0);
INSERT INTO `creature` (`guid`, `id`, `map`, `spawnMask`, `phaseMask`, `modelid`, `equipment_id`, `position_x`, `position_y`, `position_z`, `orientation`, `spawntimesecs`, `spawndist`, `currentwaypoint`, `curhealth`, `curmana`, `DeathState`, `MovementType`, `npcflag`, `unit_flags`, `dynamicflags`) VALUES (@, 34884, 638, 1, 6, 0, 0, -1437.86, 1404.88, 35.5566, 4.77052, 300, 5, 0, 42, 0, 0, 1, 0, 0, 0);
INSERT INTO `creature` (`guid`, `id`, `map`, `spawnMask`, `phaseMask`, `modelid`, `equipment_id`, `position_x`, `position_y`, `position_z`, `orientation`, `spawntimesecs`, `spawndist`, `currentwaypoint`, `curhealth`, `curmana`, `DeathState`, `MovementType`, `npcflag`, `unit_flags`, `dynamicflags`) VALUES (@, 34884, 638, 1, 6, 0, 0, -1443.63, 1421.04, 35.5561, 5.33929, 300, 5, 0, 42, 0, 0, 1, 0, 0, 0);
INSERT INTO `creature` (`guid`, `id`, `map`, `spawnMask`, `phaseMask`, `modelid`, `equipment_id`, `position_x`, `position_y`, `position_z`, `orientation`, `spawntimesecs`, `spawndist`, `currentwaypoint`, `curhealth`, `curmana`, `DeathState`, `MovementType`, `npcflag`, `unit_flags`, `dynamicflags`) VALUES (@, 34884, 638, 1, 6, 0, 0, -1460.43, 1433.96, 35.716, 3.27291, 300, 5, 0, 42, 0, 0, 1, 0, 0, 0);
INSERT INTO `creature` (`guid`, `id`, `map`, `spawnMask`, `phaseMask`, `modelid`, `equipment_id`, `position_x`, `position_y`, `position_z`, `orientation`, `spawntimesecs`, `spawndist`, `currentwaypoint`, `curhealth`, `curmana`, `DeathState`, `MovementType`, `npcflag`, `unit_flags`, `dynamicflags`) VALUES (@, 34884, 638, 1, 6, 0, 0, -1470.61, 1422.06, 35.5562, 2.47966, 300, 5, 0, 42, 0, 0, 1, 0, 0, 0);
INSERT INTO `creature` (`guid`, `id`, `map`, `spawnMask`, `phaseMask`, `modelid`, `equipment_id`, `position_x`, `position_y`, `position_z`, `orientation`, `spawntimesecs`, `spawndist`, `currentwaypoint`, `curhealth`, `curmana`, `DeathState`, `MovementType`, `npcflag`, `unit_flags`, `dynamicflags`) VALUES (@, 34884, 638, 1, 6, 0, 0, -1499.15, 1428.62, 35.5562, 2.49851, 300, 5, 0, 42, 0, 0, 1, 0, 0, 0);
INSERT INTO `creature` (`guid`, `id`, `map`, `spawnMask`, `phaseMask`, `modelid`, `equipment_id`, `position_x`, `position_y`, `position_z`, `orientation`, `spawntimesecs`, `spawndist`, `currentwaypoint`, `curhealth`, `curmana`, `DeathState`, `MovementType`, `npcflag`, `unit_flags`, `dynamicflags`) VALUES (@, 34884, 638, 1, 6, 0, 0, -1518.02, 1435.13, 35.7051, 2.98388, 300, 5, 0, 42, 0, 0, 1, 0, 0, 0);
INSERT INTO `creature` (`guid`, `id`, `map`, `spawnMask`, `phaseMask`, `modelid`, `equipment_id`, `position_x`, `position_y`, `position_z`, `orientation`, `spawntimesecs`, `spawndist`, `currentwaypoint`, `curhealth`, `curmana`, `DeathState`, `MovementType`, `npcflag`, `unit_flags`, `dynamicflags`) VALUES (@, 34884, 638, 1, 6, 0, 0, -1533.9, 1429.27, 35.5566, 2.86372, 300, 5, 0, 42, 0, 0, 1, 0, 0, 0);
INSERT INTO `creature` (`guid`, `id`, `map`, `spawnMask`, `phaseMask`, `modelid`, `equipment_id`, `position_x`, `position_y`, `position_z`, `orientation`, `spawntimesecs`, `spawndist`, `currentwaypoint`, `curhealth`, `curmana`, `DeathState`, `MovementType`, `npcflag`, `unit_flags`, `dynamicflags`) VALUES (@, 34884, 638, 1, 6, 0, 0, -1553.53, 1422.92, 35.5566, 4.72275, 300, 5, 0, 42, 0, 0, 1, 0, 0, 0);
INSERT INTO `creature` (`guid`, `id`, `map`, `spawnMask`, `phaseMask`, `modelid`, `equipment_id`, `position_x`, `position_y`, `position_z`, `orientation`, `spawntimesecs`, `spawndist`, `currentwaypoint`, `curhealth`, `curmana`, `DeathState`, `MovementType`, `npcflag`, `unit_flags`, `dynamicflags`) VALUES (@, 34884, 638, 1, 6, 0, 0, -1551.08, 1407.41, 35.5566, 4.49185, 300, 5, 0, 42, 0, 0, 1, 0, 0, 0);
INSERT INTO `creature` (`guid`, `id`, `map`, `spawnMask`, `phaseMask`, `modelid`, `equipment_id`, `position_x`, `position_y`, `position_z`, `orientation`, `spawntimesecs`, `spawndist`, `currentwaypoint`, `curhealth`, `curmana`, `DeathState`, `MovementType`, `npcflag`, `unit_flags`, `dynamicflags`) VALUES (@, 34884, 638, 1, 6, 0, 0, -1560.64, 1391.84, 35.7602, 4.85941, 300, 5, 0, 42, 0, 0, 1, 0, 0, 0);
INSERT INTO `creature` (`guid`, `id`, `map`, `spawnMask`, `phaseMask`, `modelid`, `equipment_id`, `position_x`, `position_y`, `position_z`, `orientation`, `spawntimesecs`, `spawndist`, `currentwaypoint`, `curhealth`, `curmana`, `DeathState`, `MovementType`, `npcflag`, `unit_flags`, `dynamicflags`) VALUES (@, 34884, 638, 1, 6, 0, 0, -1551.7, 1382.98, 35.5618, 6.03751, 300, 5, 0, 42, 0, 0, 1, 0, 0, 0);
INSERT INTO `creature` (`guid`, `id`, `map`, `spawnMask`, `phaseMask`, `modelid`, `equipment_id`, `position_x`, `position_y`, `position_z`, `orientation`, `spawntimesecs`, `spawndist`, `currentwaypoint`, `curhealth`, `curmana`, `DeathState`, `MovementType`, `npcflag`, `unit_flags`, `dynamicflags`) VALUES (@, 34884, 638, 1, 6, 0, 0, -1527.82, 1389.53, 35.5561, 0.166659, 300, 5, 0, 42, 0, 0, 1, 0, 0, 0);
INSERT INTO `creature` (`guid`, `id`, `map`, `spawnMask`, `phaseMask`, `modelid`, `equipment_id`, `position_x`, `position_y`, `position_z`, `orientation`, `spawntimesecs`, `spawndist`, `currentwaypoint`, `curhealth`, `curmana`, `DeathState`, `MovementType`, `npcflag`, `unit_flags`, `dynamicflags`) VALUES (@, 34884, 638, 1, 6, 0, 0, -1519.17, 1392.23, 35.5561, 0.722722, 300, 5, 0, 42, 0, 0, 1, 0, 0, 0);
INSERT INTO `creature` (`guid`, `id`, `map`, `spawnMask`, `phaseMask`, `modelid`, `equipment_id`, `position_x`, `position_y`, `position_z`, `orientation`, `spawntimesecs`, `spawndist`, `currentwaypoint`, `curhealth`, `curmana`, `DeathState`, `MovementType`, `npcflag`, `unit_flags`, `dynamicflags`) VALUES (@, 34884, 638, 1, 6, 0, 0, -1510.81, 1391.19, 35.5561, 5.82545, 300, 5, 0, 42, 0, 0, 1, 0, 0, 0);
INSERT INTO `creature` (`guid`, `id`, `map`, `spawnMask`, `phaseMask`, `modelid`, `equipment_id`, `position_x`, `position_y`, `position_z`, `orientation`, `spawntimesecs`, `spawndist`, `currentwaypoint`, `curhealth`, `curmana`, `DeathState`, `MovementType`, `npcflag`, `unit_flags`, `dynamicflags`) VALUES (@, 34884, 638, 1, 6, 0, 0, -1502.11, 1381.81, 35.5561, 0.209071, 300, 5, 0, 42, 0, 0, 1, 0, 0, 0);
INSERT INTO `creature` (`guid`, `id`, `map`, `spawnMask`, `phaseMask`, `modelid`, `equipment_id`, `position_x`, `position_y`, `position_z`, `orientation`, `spawntimesecs`, `spawndist`, `currentwaypoint`, `curhealth`, `curmana`, `DeathState`, `MovementType`, `npcflag`, `unit_flags`, `dynamicflags`) VALUES (@, 34884, 638, 1, 6, 0, 0, -1492.05, 1397.76, 35.5561, 1.35183, 300, 5, 0, 42, 0, 0, 1, 0, 0, 0);
INSERT INTO `creature` (`guid`, `id`, `map`, `spawnMask`, `phaseMask`, `modelid`, `equipment_id`, `position_x`, `position_y`, `position_z`, `orientation`, `spawntimesecs`, `spawndist`, `currentwaypoint`, `curhealth`, `curmana`, `DeathState`, `MovementType`, `npcflag`, `unit_flags`, `dynamicflags`) VALUES (@, 34884, 638, 1, 6, 0, 0, -1474.72, 1390.96, 35.5561, 5.62989, 300, 5, 0, 42, 0, 0, 1, 0, 0, 0);
INSERT INTO `creature` (`guid`, `id`, `map`, `spawnMask`, `phaseMask`, `modelid`, `equipment_id`, `position_x`, `position_y`, `position_z`, `orientation`, `spawntimesecs`, `spawndist`, `currentwaypoint`, `curhealth`, `curmana`, `DeathState`, `MovementType`, `npcflag`, `unit_flags`, `dynamicflags`) VALUES (@, 34884, 638, 1, 6, 0, 0, -1459.62, 1388.09, 35.5561, 0.0771246, 300, 5, 0, 42, 0, 0, 1, 0, 0, 0);
INSERT INTO `creature` (`guid`, `id`, `map`, `spawnMask`, `phaseMask`, `modelid`, `equipment_id`, `position_x`, `position_y`, `position_z`, `orientation`, `spawntimesecs`, `spawndist`, `currentwaypoint`, `curhealth`, `curmana`, `DeathState`, `MovementType`, `npcflag`, `unit_flags`, `dynamicflags`) VALUES (@, 34884, 638, 1, 6, 0, 0, -1444.19, 1364.19, 35.5563, 5.0055, 300, 5, 0, 42, 0, 0, 1, 0, 0, 0);
INSERT INTO `creature` (`guid`, `id`, `map`, `spawnMask`, `phaseMask`, `modelid`, `equipment_id`, `position_x`, `position_y`, `position_z`, `orientation`, `spawntimesecs`, `spawndist`, `currentwaypoint`, `curhealth`, `curmana`, `DeathState`, `MovementType`, `npcflag`, `unit_flags`, `dynamicflags`) VALUES (@, 34884, 638, 1, 6, 0, 0, -1417.06, 1371.12, 35.5563, 0.814614, 300, 5, 0, 42, 0, 0, 1, 0, 0, 0);
INSERT INTO `creature` (`guid`, `id`, `map`, `spawnMask`, `phaseMask`, `modelid`, `equipment_id`, `position_x`, `position_y`, `position_z`, `orientation`, `spawntimesecs`, `spawndist`, `currentwaypoint`, `curhealth`, `curmana`, `DeathState`, `MovementType`, `npcflag`, `unit_flags`, `dynamicflags`) VALUES (@, 34884, 638, 1, 6, 0, 0, -1487.37, 1345.63, 35.5572, 3.07395, 300, 5, 0, 42, 0, 0, 1, 0, 0, 0);
INSERT INTO `creature` (`guid`, `id`, `map`, `spawnMask`, `phaseMask`, `modelid`, `equipment_id`, `position_x`, `position_y`, `position_z`, `orientation`, `spawntimesecs`, `spawndist`, `currentwaypoint`, `curhealth`, `curmana`, `DeathState`, `MovementType`, `npcflag`, `unit_flags`, `dynamicflags`) VALUES (@, 34884, 638, 1, 6, 0, 0, -1505.54, 1340.62, 35.5563, 2.95378, 300, 5, 0, 42, 0, 0, 1, 0, 0, 0);
INSERT INTO `creature` (`guid`, `id`, `map`, `spawnMask`, `phaseMask`, `modelid`, `equipment_id`, `position_x`, `position_y`, `position_z`, `orientation`, `spawntimesecs`, `spawndist`, `currentwaypoint`, `curhealth`, `curmana`, `DeathState`, `MovementType`, `npcflag`, `unit_flags`, `dynamicflags`) VALUES (@, 34884, 638, 1, 6, 0, 0, -1523.54, 1337.85, 35.5563, 3.84914, 300, 5, 0, 42, 0, 0, 1, 0, 0, 0);
INSERT INTO `creature` (`guid`, `id`, `map`, `spawnMask`, `phaseMask`, `modelid`, `equipment_id`, `position_x`, `position_y`, `position_z`, `orientation`, `spawntimesecs`, `spawndist`, `currentwaypoint`, `curhealth`, `curmana`, `DeathState`, `MovementType`, `npcflag`, `unit_flags`, `dynamicflags`) VALUES (@, 34884, 638, 1, 6, 0, 0, -1546.78, 1334.13, 35.5563, 2.41107, 300, 5, 0, 42, 0, 0, 1, 0, 0, 0);
INSERT INTO `creature` (`guid`, `id`, `map`, `spawnMask`, `phaseMask`, `modelid`, `equipment_id`, `position_x`, `position_y`, `position_z`, `orientation`, `spawntimesecs`, `spawndist`, `currentwaypoint`, `curhealth`, `curmana`, `DeathState`, `MovementType`, `npcflag`, `unit_flags`, `dynamicflags`) VALUES (@, 34884, 638, 1, 6, 0, 0, -1489.1, 1354.05, 35.5801, 3.34962, 300, 5, 0, 42, 0, 0, 1, 0, 0, 0);
INSERT INTO `creature` (`guid`, `id`, `map`, `spawnMask`, `phaseMask`, `modelid`, `equipment_id`, `position_x`, `position_y`, `position_z`, `orientation`, `spawntimesecs`, `spawndist`, `currentwaypoint`, `curhealth`, `curmana`, `DeathState`, `MovementType`, `npcflag`, `unit_flags`, `dynamicflags`) VALUES (@, 34884, 638, 1, 6, 0, 0, -1519.87, 1354.65, 35.9377, 3.65122, 300, 5, 0, 42, 0, 0, 1, 0, 0, 0);
INSERT INTO `creature` (`guid`, `id`, `map`, `spawnMask`, `phaseMask`, `modelid`, `equipment_id`, `position_x`, `position_y`, `position_z`, `orientation`, `spawntimesecs`, `spawndist`, `currentwaypoint`, `curhealth`, `curmana`, `DeathState`, `MovementType`, `npcflag`, `unit_flags`, `dynamicflags`) VALUES (@, 34884, 638, 1, 6, 0, 0, -1536.66, 1353.73, 35.9706, 3.41324, 300, 5, 0, 42, 0, 0, 1, 0, 0, 0);
INSERT INTO `creature` (`guid`, `id`, `map`, `spawnMask`, `phaseMask`, `modelid`, `equipment_id`, `position_x`, `position_y`, `position_z`, `orientation`, `spawntimesecs`, `spawndist`, `currentwaypoint`, `curhealth`, `curmana`, `DeathState`, `MovementType`, `npcflag`, `unit_flags`, `dynamicflags`) VALUES (@, 34884, 638, 1, 6, 0, 0, -1406.45, 1370.29, 35.556, 1.9956, 300, 5, 0, 42, 0, 0, 1, 0, 0, 0);

-- 35660 Rampaging Worgen spawned by script in phases 2+4
REPLACE INTO `creature_template` (`entry`, `difficulty_entry_1`, `difficulty_entry_2`, `difficulty_entry_3`, `KillCredit1`, `KillCredit2`, `modelid1`, `modelid2`, `modelid3`, `modelid4`, `name`, `subname`, `IconName`, `gossip_menu_id`, `minlevel`, `maxlevel`, `exp`, `faction_A`, `faction_H`, `npcflag`, `speed_walk`, `speed_run`, `scale`, `rank`, `mindmg`, `maxdmg`, `dmgschool`, `attackpower`, `dmg_multiplier`, `baseattacktime`, `rangeattacktime`, `unit_class`, `unit_flags`, `dynamicflags`, `family`, `trainer_type`, `trainer_spell`, `trainer_class`, `trainer_race`, `minrangedmg`, `maxrangedmg`, `rangedattackpower`, `type`, `type_flags`, `lootid`, `pickpocketloot`, `skinloot`, `resistance1`, `resistance2`, `resistance3`, `resistance4`, `resistance5`, `resistance6`, `spell1`, `spell2`, `spell3`, `spell4`, `spell5`, `spell6`, `spell7`, `spell8`, `PetSpellDataId`, `VehicleId`, `mingold`, `maxgold`, `AIName`, `MovementType`, `InhabitType`, `Health_mod`, `Mana_mod`, `Armor_mod`, `RacialLeader`, `questItem1`, `questItem2`, `questItem3`, `questItem4`, `questItem5`, `questItem6`, `movementId`, `RegenHealth`, `equipment_id`, `mechanic_immune_mask`, `flags_extra`, `ScriptName`, `WDBVerified`) VALUES (35660, 0, 0, 0, 34884, 0, 36770, 36771, 0, 0, 'Rampaging Worgen', '', '', 0, 2, 2, 0, 16, 16, 0, 1, 1.14286, 1, 0, 4, 5, 0, 0, 1, 2000, 0, 1, 0, 0, 0, 0, 0, 0, 0, 0, 0, 0, 7, 0, 35660, 0, 0, 0, 0, 0, 0, 0, 0, 0, 0, 0, 0, 0, 0, 0, 0, 0, 0, 2, 4, '', 1, 1, 1, 1, 1, 0, 0, 0, 0, 0, 0, 0, 0, 1, 0, 0, 0, 'npc_rampaging_worgen', 1);
DELETE FROM creature WHERE id = 35660; -- 35660 spawned only by script!

-- 34936 Gwen Armstead
REPLACE INTO `creature_template` (`entry`, `difficulty_entry_1`, `difficulty_entry_2`, `difficulty_entry_3`, `KillCredit1`, `KillCredit2`, `modelid1`, `modelid2`, `modelid3`, `modelid4`, `name`, `subname`, `IconName`, `gossip_menu_id`, `minlevel`, `maxlevel`, `exp`, `faction_A`, `faction_H`, `npcflag`, `speed_walk`, `speed_run`, `scale`, `rank`, `mindmg`, `maxdmg`, `dmgschool`, `attackpower`, `dmg_multiplier`, `baseattacktime`, `rangeattacktime`, `unit_class`, `unit_flags`, `dynamicflags`, `family`, `trainer_type`, `trainer_spell`, `trainer_class`, `trainer_race`, `minrangedmg`, `maxrangedmg`, `rangedattackpower`, `type`, `type_flags`, `lootid`, `pickpocketloot`, `skinloot`, `resistance1`, `resistance2`, `resistance3`, `resistance4`, `resistance5`, `resistance6`, `spell1`, `spell2`, `spell3`, `spell4`, `spell5`, `spell6`, `spell7`, `spell8`, `PetSpellDataId`, `VehicleId`, `mingold`, `maxgold`, `AIName`, `MovementType`, `InhabitType`, `Health_mod`, `Mana_mod`, `Armor_mod`, `RacialLeader`, `questItem1`, `questItem2`, `questItem3`, `questItem4`, `questItem5`, `questItem6`, `movementId`, `RegenHealth`, `equipment_id`, `mechanic_immune_mask`, `flags_extra`, `ScriptName`, `WDBVerified`) VALUES (34936, 0, 0, 0, 0, 0, 29290, 0, 0, 0, 'Gwen Armstead', '', '', 0, 1, 1, 0, 1, 1, 3, 1, 1.14286, 1, 0, 4, 5, 0, 0, 1, 0, 0, 1, 0, 0, 0, 0, 0, 0, 0, 0, 0, 0, 7, 0, 0, 0, 0, 0, 0, 0, 0, 0, 0, 0, 0, 0, 0, 0, 0, 0, 0, 0, 0, 0, 0, '', 0, 1, 1, 1, 1, 0, 0, 0, 0, 0, 0, 0, 0, 1, 34936, 0, 0, '', 1);
DELETE FROM `creature` WHERE `id` = 34936;
INSERT INTO `creature` (`guid`, `id`, `map`, `spawnMask`, `phaseMask`, `modelid`, `equipment_id`, `position_x`, `position_y`, `position_z`, `orientation`, `spawntimesecs`, `spawndist`, `currentwaypoint`, `curhealth`, `curmana`, `DeathState`, `MovementType`, `npcflag`, `unit_flags`, `dynamicflags`) VALUES (@, 34936, 638, 1, 2, 0, 34936, -1465.22, 1403.52, 35.6392, 4.59022, 300, 0, 0, 42, 0, 0, 0, 0, 0, 0);
REPLACE INTO `creature_equip_template` (`entry`, `equipentry1`) VALUES (34936, 23505); -- equip

-- 34981, 35836 Frightened Citizen
REPLACE INTO `creature_template` (`entry`, `difficulty_entry_1`, `difficulty_entry_2`, `difficulty_entry_3`, `KillCredit1`, `KillCredit2`, `modelid1`, `modelid2`, `modelid3`, `modelid4`, `name`, `subname`, `IconName`, `gossip_menu_id`, `minlevel`, `maxlevel`, `exp`, `faction_A`, `faction_H`, `npcflag`, `speed_walk`, `speed_run`, `scale`, `rank`, `mindmg`, `maxdmg`, `dmgschool`, `attackpower`, `dmg_multiplier`, `baseattacktime`, `rangeattacktime`, `unit_class`, `unit_flags`, `dynamicflags`, `family`, `trainer_type`, `trainer_spell`, `trainer_class`, `trainer_race`, `minrangedmg`, `maxrangedmg`, `rangedattackpower`, `type`, `type_flags`, `lootid`, `pickpocketloot`, `skinloot`, `resistance1`, `resistance2`, `resistance3`, `resistance4`, `resistance5`, `resistance6`, `spell1`, `spell2`, `spell3`, `spell4`, `spell5`, `spell6`, `spell7`, `spell8`, `PetSpellDataId`, `VehicleId`, `mingold`, `maxgold`, `AIName`, `MovementType`, `InhabitType`, `Health_mod`, `Mana_mod`, `Armor_mod`, `RacialLeader`, `questItem1`, `questItem2`, `questItem3`, `questItem4`, `questItem5`, `questItem6`, `movementId`, `RegenHealth`, `equipment_id`, `mechanic_immune_mask`, `flags_extra`, `ScriptName`, `WDBVerified`) VALUES (34981, 0, 0, 0, 0, 0, 30214, 30215, 30217, 30218, 'Frightened Citizen', '', '', 0, 1, 1, 0, 1, 1, 0, 1, 1.14286, 1, 0, 0, 0, 0, 0, 1, 0, 0, 1, 0, 0, 0, 0, 0, 0, 0, 0, 0, 0, 7, 0, 0, 0, 0, 0, 0, 0, 0, 0, 0, 0, 0, 0, 0, 0, 0, 0, 0, 0, 0, 0, 0, '', 0, 1, 1, 1, 1, 0, 0, 0, 0, 0, 0, 0, 0, 1, 0, 0, 0, 'npc_frightened_citizen', 1);
REPLACE INTO `creature_template` (`entry`, `difficulty_entry_1`, `difficulty_entry_2`, `difficulty_entry_3`, `KillCredit1`, `KillCredit2`, `modelid1`, `modelid2`, `modelid3`, `modelid4`, `name`, `subname`, `IconName`, `gossip_menu_id`, `minlevel`, `maxlevel`, `exp`, `faction_A`, `faction_H`, `npcflag`, `speed_walk`, `speed_run`, `scale`, `rank`, `mindmg`, `maxdmg`, `dmgschool`, `attackpower`, `dmg_multiplier`, `baseattacktime`, `rangeattacktime`, `unit_class`, `unit_flags`, `dynamicflags`, `family`, `trainer_type`, `trainer_spell`, `trainer_class`, `trainer_race`, `minrangedmg`, `maxrangedmg`, `rangedattackpower`, `type`, `type_flags`, `lootid`, `pickpocketloot`, `skinloot`, `resistance1`, `resistance2`, `resistance3`, `resistance4`, `resistance5`, `resistance6`, `spell1`, `spell2`, `spell3`, `spell4`, `spell5`, `spell6`, `spell7`, `spell8`, `PetSpellDataId`, `VehicleId`, `mingold`, `maxgold`, `AIName`, `MovementType`, `InhabitType`, `Health_mod`, `Mana_mod`, `Armor_mod`, `RacialLeader`, `questItem1`, `questItem2`, `questItem3`, `questItem4`, `questItem5`, `questItem6`, `movementId`, `RegenHealth`, `equipment_id`, `mechanic_immune_mask`, `flags_extra`, `ScriptName`, `WDBVerified`) VALUES (35836, 0, 0, 0, 0, 0, 30217, 30218, 30215, 30216, 'Frightened Citizen', '', '', 0, 1, 1, 0, 1, 1, 0, 1, 1.14286, 1, 0, 0, 0, 0, 0, 1, 0, 0, 1, 0, 0, 0, 0, 0, 0, 0, 0, 0, 0, 7, 0, 0, 0, 0, 0, 0, 0, 0, 0, 0, 0, 0, 0, 0, 0, 0, 0, 0, 0, 0, 0, 0, '', 0, 1, 1, 1, 1, 0, 0, 0, 0, 0, 0, 0, 0, 1, 0, 0, 0, 'npc_frightened_citizen', 1);
DELETE FROM `creature` WHERE `id` in (34981, 35836); -- spawned by script

-- 34851 Panicked Citizen
DELETE FROM `creature` WHERE  `id`=34851; -- To Do


